sampleid	request by	lab affiliation	experiment sample name	group	mouse number 	sample weight	treatment	sample location	species	mouse strain 	sample type	sample submission date	forwardbarcode	reversebarcode	libraryname	adapter	pcr	miseq submission	miseq data receive date	dnaconc	fwBarcodeSequence	fwdLinkerPrimerSequence	rvBarcodeSequence	rvLinkerPrimerSequence	input	filtered	percentage of input passed filter	denoised	merged	percentage of input merged	non-chimeric	percentage of input non-chimeric
16S.LC	Laurie Comstock	Comstock	Pj			100 mg		DFI		C57BL/6	Mouse Pellet	9/6/2023	AACCTGATCCGCAAYTGGGYDTAAAGNG	ACCTGATCACCTGATCCGCACCGTCAATTYHTTTRAGT	MMF.16S.378	GAGATTCC-TAATCTTA	Y	10/2/2023	10/3/2023	99.5	ACCTGATCCGCA	AYTGGGYDTAAAGNG	ACCTGATCCGCA	CCGTCAATTYHTTTRAGT	9015	8134	90.23	8075	7450	82.64	6934	76.92
A.hadrus	GMP	GMP						DFI			Bacterial Pellet	9/26/2023	GTGTTGACCATCGCAYTGGGYDTAAAGNG	GTTGACCGTTGACCATCGCCCGTCAATTYHTTTRAGT	MMF.16S.378	GAGATTCC-TAATCTTA	Y	10/2/2023	10/3/2023	100.4	GTTGACCATCGC	AYTGGGYDTAAAGNG	GTTGACCATCGC	CCGTCAATTYHTTTRAGT	2392	2143	89.59	2138	2138	89.38	2114	88.38
C.scindens	GMP	GMP						DFI			Bacterial Pellet	9/26/2023	TGATGACTGCGTTAGAYTGGGYDTAAAGNG	TGACTGTGACTGCGTTAGCCGTCAATTYHTTTRAGT	MMF.16S.378	GAGATTCC-TAATCTTA	Y	10/2/2023	10/3/2023	100.1	TGACTGCGTTAG	AYTGGGYDTAAAGNG	TGACTGCGTTAG	CCGTCAATTYHTTTRAGT	3219	2043	63.47	2042	2042	63.44	2042	63.44
CONS.GF.14.1	Tea Pappas	Biobank	CONS.GF.14_1_fecal_d7	water	1	14	con.160	DFI		C57BL/6	Mouse Pellet	9/27/2023	CATACATACCGTGAGTAYTGGGYDTAAAGNG	CATACCATACCGTGAGTCCGTCAATTYHTTTRAGT	MMF.16S.378	GAGATTCC-TAATCTTA	Y	10/2/2023	10/3/2023	101	CATACCGTGAGT	AYTGGGYDTAAAGNG	CATACCGTGAGT	CCGTCAATTYHTTTRAGT	5569	4799	86.17	4788	4745	85.2	4590	82.42
CONS.GF.14.10	Tea Pappas	Biobank	CONS.GF.14_10_fecal_d7	inulin	10	40	con.160	DFI		C57BL/6	Mouse Pellet	9/27/2023	GTACGTACTCGAACCAAYTGGGYDTAAAGNG	GTACTGTACTCGAACCACCGTCAATTYHTTTRAGT	MMF.16S.378	GAGATTCC-TAATCTTA	Y	10/2/2023	10/3/2023	101.1	GTACTCGAACCA	AYTGGGYDTAAAGNG	GTACTCGAACCA	CCGTCAATTYHTTTRAGT	883	721	81.65	718	704	79.73	704	79.73
CONS.GF.14.11	Tea Pappas	Biobank	CONS.GF.14_11_fecal_d7	inulin	11	23	con.160	DFI		C57BL/6	Mouse Pellet	9/27/2023	ACTGCTACTGCTATCGCGAYTGGGYDTAAAGNG	ACTACTGCTATCGCGCCGTCAATTYHTTTRAGT	MMF.16S.378	GAGATTCC-TAATCTTA	Y	10/2/2023	10/3/2023	99.2	ACTGCTATCGCG	AYTGGGYDTAAAGNG	ACTGCTATCGCG	CCGTCAATTYHTTTRAGT	7591	6196	81.62	6180	6149	81	5961	78.53
CONS.GF.14.12	Tea Pappas	Biobank	CONS.GF.14_12_fecal_d7	inulin	12	33	con.160	DFI		C57BL/6	Mouse Pellet	9/27/2023	CACTGAGCACTGAGTACGTAYTGGGYDTAAAGNG	CACACTGAGTACGTCCGTCAATTYHTTTRAGT	MMF.16S.378	GAGATTCC-TAATCTTA	Y	10/2/2023	10/3/2023	100.1	CACTGAGTACGT	AYTGGGYDTAAAGNG	CACTGAGTACGT	CCGTCAATTYHTTTRAGT	4813	4493	93.35	4478	4450	92.46	4224	87.76
CONS.GF.14.13	Tea Pappas	Biobank	CONS.GF.14_13_fecal_d14	water	1	57	con.160	DFI		C57BL/6	Mouse Pellet	9/27/2023	CCTAAGAGCCTAAGAGCATCAYTGGGYDTAAAGNG	CCCTAAGAGCATCCCGTCAATTYHTTTRAGT	MMF.16S.378	GAGATTCC-TAATCTTA	Y	10/2/2023	10/3/2023	99.9	CCTAAGAGCATC	AYTGGGYDTAAAGNG	CCTAAGAGCATC	CCGTCAATTYHTTTRAGT	5192	4461	85.92	4445	4420	85.13	4338	83.55
CONS.GF.14.14	Tea Pappas	Biobank	CONS.GF.14_14_fecal_d14	water	2	61	con.160	DFI		C57BL/6	Mouse Pellet	9/27/2023	AATCGTGTGTTGGAYTGGGYDTAAAGNG	ATCGTGTGATCGTGTGTTGGCCGTCAATTYHTTTRAGT	MMF.16S.378	GAGATTCC-TAATCTTA	Y	10/2/2023	10/3/2023	100.5	ATCGTGTGTTGG	AYTGGGYDTAAAGNG	ATCGTGTGTTGG	CCGTCAATTYHTTTRAGT	6496	6078	93.57	6065	6042	93.01	5836	89.84
CONS.GF.14.15	Tea Pappas	Biobank	CONS.GF.14_15_fecal_d14	water	3	62	con.160	DFI		C57BL/6	Mouse Pellet	9/27/2023	CGCGTCCGTATGAAAYTGGGYDTAAAGNG	CGTCCGTCGTCCGTATGAACCGTCAATTYHTTTRAGT	MMF.16S.378	GAGATTCC-TAATCTTA	Y	10/2/2023	10/3/2023	101	CGTCCGTATGAA	AYTGGGYDTAAAGNG	CGTCCGTATGAA	CCGTCAATTYHTTTRAGT	5399	4271	79.11	4263	4234	78.42	4041	74.85
CONS.GF.14.16	Tea Pappas	Biobank	CONS.GF.14_16_fecal_d14	water	4	100	con.160	DFI		C57BL/6	Mouse Pellet	9/27/2023	GTGGTGCAACCAATCAYTGGGYDTAAAGNG	GTGCAAGTGCAACCAATCCCGTCAATTYHTTTRAGT	MMF.16S.378	GAGATTCC-TAATCTTA	Y	10/2/2023	10/3/2023	98.3	GTGCAACCAATC	AYTGGGYDTAAAGNG	GTGCAACCAATC	CCGTCAATTYHTTTRAGT	1687	1310	77.65	1299	1262	74.81	1255	74.39
CONS.GF.14.17	Tea Pappas	Biobank	CONS.GF.14_17_fecal_d14	lactulose	5	84	con.160	DFI		C57BL/6	Mouse Pellet	9/27/2023	ACCAACCAGTGACTCAAYTGGGYDTAAAGNG	ACCAGACCAGTGACTCACCGTCAATTYHTTTRAGT	MMF.16S.378	GAGATTCC-TAATCTTA	Y	10/2/2023	10/3/2023	99.8	ACCAGTGACTCA	AYTGGGYDTAAAGNG	ACCAGTGACTCA	CCGTCAATTYHTTTRAGT	5916	5078	85.84	5071	5031	85.04	4986	84.28
CONS.GF.14.18	Tea Pappas	Biobank	CONS.GF.14_18_fecal_d14	lactulose	6	54	con.160	DFI		C57BL/6	Mouse Pellet	9/27/2023	GGATAGGATACTCGCATAYTGGGYDTAAAGNG	GGATGGATACTCGCATCCGTCAATTYHTTTRAGT	MMF.16S.378	GAGATTCC-TAATCTTA	Y	10/2/2023	10/3/2023	99.8	GGATACTCGCAT	AYTGGGYDTAAAGNG	GGATACTCGCAT	CCGTCAATTYHTTTRAGT	2869	2368	82.54	2347	2290	79.82	2247	78.32
CONS.GF.14.19	Tea Pappas	Biobank	CONS.GF.14_19_fecal_d14	lactulose	7	55	con.160	DFI		C57BL/6	Mouse Pellet	9/27/2023	TAGTGCTAGTGCATTCGGAYTGGGYDTAAAGNG	TAGTAGTGCATTCGGCCGTCAATTYHTTTRAGT	MMF.16S.378	GAGATTCC-TAATCTTA	Y	10/2/2023	10/3/2023	101.1	TAGTGCATTCGG	AYTGGGYDTAAAGNG	TAGTGCATTCGG	CCGTCAATTYHTTTRAGT	3176	2635	82.97	2619	2582	81.3	2474	77.9
CONS.GF.14.2	Tea Pappas	Biobank	CONS.GF.14_2_fecal_d7	water	2	61	con.160	DFI		C57BL/6	Mouse Pellet	9/27/2023	CCGAGCCGAGTACAATCAYTGGGYDTAAAGNG	CCGACCGAGTACAATCCCGTCAATTYHTTTRAGT	MMF.16S.378	GAGATTCC-TAATCTTA	Y	10/2/2023	10/3/2023	99.8	CCGAGTACAATC	AYTGGGYDTAAAGNG	CCGAGTACAATC	CCGTCAATTYHTTTRAGT	2790	2058	73.76	2056	2031	72.8	1983	71.08
CONS.GF.14.20	Tea Pappas	Biobank	CONS.GF.14_20_fecal_d14	lactulose	8	52	con.160	DFI		C57BL/6	Mouse Pellet	9/27/2023	AGAACACAGAACACGGAAGAYTGGGYDTAAAGNG	AGAGAACACGGAAGCCGTCAATTYHTTTRAGT	MMF.16S.378	GAGATTCC-TAATCTTA	Y	10/2/2023	10/3/2023	100.5	AGAACACGGAAG	AYTGGGYDTAAAGNG	AGAACACGGAAG	CCGTCAATTYHTTTRAGT	5593	4906	87.72	4888	4799	85.8	4504	80.53
CONS.GF.14.21	Tea Pappas	Biobank	CONS.GF.14_21_fecal_d14	inulin	9	58	con.160	DFI		C57BL/6	Mouse Pellet	9/27/2023	TATGTTGATATGTTGACGGCAYTGGGYDTAAAGNG	TTATGTTGACGGCCCGTCAATTYHTTTRAGT	MMF.16S.378	GAGATTCC-TAATCTTA	Y	10/2/2023	10/3/2023	101	TATGTTGACGGC	AYTGGGYDTAAAGNG	TATGTTGACGGC	CCGTCAATTYHTTTRAGT	3433	2925	85.2	2909	2874	83.72	2806	81.74
CONS.GF.14.22	Tea Pappas	Biobank	CONS.GF.14_22_fecal_d14	inulin	10	42	con.160	DFI		C57BL/6	Mouse Pellet	9/27/2023	GGTCCGCAAGTTAAYTGGGYDTAAAGNG	GTCCGCAAGTCCGCAAGTTACCGTCAATTYHTTTRAGT	MMF.16S.378	GAGATTCC-TAATCTTA	Y	10/2/2023	10/3/2023	99.4	GTCCGCAAGTTA	AYTGGGYDTAAAGNG	GTCCGCAAGTTA	CCGTCAATTYHTTTRAGT	5284	4787	90.59	4781	4764	90.16	4612	87.28
CONS.GF.14.23	Tea Pappas	Biobank	CONS.GF.14_23_fecal_d14	inulin	11	63	con.160	DFI		C57BL/6	Mouse Pellet	9/27/2023	CCCCTGTCCTATCTAYTGGGYDTAAAGNG	CCTGTCCCCTGTCCTATCTCCGTCAATTYHTTTRAGT	MMF.16S.378	GAGATTCC-TAATCTTA	Y	10/2/2023	10/3/2023	99.2	CCTGTCCTATCT	AYTGGGYDTAAAGNG	CCTGTCCTATCT	CCGTCAATTYHTTTRAGT	5801	4794	82.64	4783	4741	81.73	4621	79.66
CONS.GF.14.24	Tea Pappas	Biobank	CONS.GF.14_24_fecal_d14	inulin	12	54	con.160	DFI		C57BL/6	Mouse Pellet	9/27/2023	TTGTTGTCAGCTGGAAYTGGGYDTAAAGNG	TTGTCATTGTCAGCTGGACCGTCAATTYHTTTRAGT	MMF.16S.378	GAGATTCC-TAATCTTA	Y	10/2/2023	10/3/2023	100.8	TTGTCAGCTGGA	AYTGGGYDTAAAGNG	TTGTCAGCTGGA	CCGTCAATTYHTTTRAGT	2412	1893	78.48	1880	1849	76.66	1792	74.3
CONS.GF.14.25	Tea Pappas	Biobank	CONS.GF.14_25_cecal_d15	water	1	463	con.160	DFI		C57BL/6	cecal contents	9/27/2023	GATAGATAAGCGCCTTAYTGGGYDTAAAGNG	GATAAGATAAGCGCCTTCCGTCAATTYHTTTRAGT	MMF.16S.378	GAGATTCC-TAATCTTA	Y	10/2/2023	10/3/2023	101.4	GATAAGCGCCTT	AYTGGGYDTAAAGNG	GATAAGCGCCTT	CCGTCAATTYHTTTRAGT	3409	2978	87.36	2960	2916	85.54	2769	81.23
CONS.GF.14.26	Tea Pappas	Biobank	CONS.GF.14_26_cecal_d15	water	2	346	con.160	DFI		C57BL/6	cecal contents	9/27/2023	ACAGGACAGGTAGAGAGAYTGGGYDTAAAGNG	ACAGACAGGTAGAGAGCCGTCAATTYHTTTRAGT	MMF.16S.378	GAGATTCC-TAATCTTA	Y	10/2/2023	10/3/2023	100	ACAGGTAGAGAG	AYTGGGYDTAAAGNG	ACAGGTAGAGAG	CCGTCAATTYHTTTRAGT	7587	7022	92.55	7008	6958	91.71	6487	85.5
CONS.GF.14.27	Tea Pappas	Biobank	CONS.GF.14_27_cecal_d15	water	3	527	con.160	DFI		C57BL/6	cecal contents	9/27/2023	CTCTATCTCTATTCCACCAYTGGGYDTAAAGNG	CTCCTCTATTCCACCCCGTCAATTYHTTTRAGT	MMF.16S.378	GAGATTCC-TAATCTTA	Y	10/2/2023	10/3/2023	100.8	CTCTATTCCACC	AYTGGGYDTAAAGNG	CTCTATTCCACC	CCGTCAATTYHTTTRAGT	3452	2873	83.23	2856	2791	80.85	2731	79.11
CONS.GF.14.28	Tea Pappas	Biobank	CONS.GF.14_28_cecal_d15	water	4	416	con.160	DFI		C57BL/6	cecal contents	9/27/2023	ACCACGAACCACGATGCTAAYTGGGYDTAAAGNG	ACACCACGATGCTACCGTCAATTYHTTTRAGT	MMF.16S.378	GAGATTCC-TAATCTTA	Y	10/2/2023	10/3/2023	99.1	ACCACGATGCTA	AYTGGGYDTAAAGNG	ACCACGATGCTA	CCGTCAATTYHTTTRAGT	11774	9904	84.12	9880	9818	83.39	9148	77.7
CONS.GF.14.29	Tea Pappas	Biobank	CONS.GF.14_29_cecal_d15	lactulose	5	449	con.160	DFI		C57BL/6	cecal contents	9/27/2023	TGGCGATATGGCGATACGTTAYTGGGYDTAAAGNG	TTGGCGATACGTTCCGTCAATTYHTTTRAGT	MMF.16S.378	GAGATTCC-TAATCTTA	Y	10/2/2023	10/3/2023	100.6	TGGCGATACGTT	AYTGGGYDTAAAGNG	TGGCGATACGTT	CCGTCAATTYHTTTRAGT	2234	1954	87.47	1636	1606	71.89	1569	70.23
CONS.GF.14.3	Tea Pappas	Biobank	CONS.GF.14_3_fecal_d7	water	3	11	con.160	DFI		C57BL/6	Mouse Pellet	9/27/2023	AGCCTGAGCCTGGTACCTAYTGGGYDTAAAGNG	AGCAGCCTGGTACCTCCGTCAATTYHTTTRAGT	MMF.16S.378	GAGATTCC-TAATCTTA	Y	10/2/2023	10/3/2023	100.8	AGCCTGGTACCT	AYTGGGYDTAAAGNG	AGCCTGGTACCT	CCGTCAATTYHTTTRAGT	4942	4094	82.84	4083	4036	81.67	3975	80.43
CONS.GF.14.30	Tea Pappas	Biobank	CONS.GF.14_30_cecal_d15	lactulose	6	456	con.160	DFI		C57BL/6	cecal contents	9/27/2023	GGCACTGGCATATAYTGGGYDTAAAGNG	GCACTGGCGCACTGGCATATCCGTCAATTYHTTTRAGT	MMF.16S.378	GAGATTCC-TAATCTTA	Y	10/2/2023	10/3/2023	99.5	GCACTGGCATAT	AYTGGGYDTAAAGNG	GCACTGGCATAT	CCGTCAATTYHTTTRAGT	4688	4037	86.11	4006	3958	84.43	3802	81.1
CONS.GF.14.31	Tea Pappas	Biobank	CONS.GF.14_31_cecal_d15	lactulose	7	171	con.160	DFI		C57BL/6	cecal contents	9/27/2023	TGTGTGCTTGTAGGAYTGGGYDTAAAGNG	TGTGCTTTGTGCTTGTAGGCCGTCAATTYHTTTRAGT	MMF.16S.378	GAGATTCC-TAATCTTA	Y	10/2/2023	10/3/2023	101.3	TGTGCTTGTAGG	AYTGGGYDTAAAGNG	TGTGCTTGTAGG	CCGTCAATTYHTTTRAGT	3553	2973	83.68	2892	2847	80.13	2506	70.53
CONS.GF.14.32	Tea Pappas	Biobank	CONS.GF.14_32_cecal_d15	lactulose	8	231	con.160	DFI		C57BL/6	cecal contents	9/27/2023	CACCACAACCACAACAYTGGGYDTAAAGNG	CACAACCACAACCACAACCCGTCAATTYHTTTRAGT	MMF.16S.378	GAGATTCC-TAATCTTA	Y	10/2/2023	10/3/2023	100.3	CACAACCACAAC	AYTGGGYDTAAAGNG	CACAACCACAAC	CCGTCAATTYHTTTRAGT	4165	3504	84.13	3489	3437	82.52	3272	78.56
CONS.GF.14.33	Tea Pappas	Biobank	CONS.GF.14_33_cecal_d15	inulin	9	128	con.160	DFI		C57BL/6	cecal contents	9/27/2023	AGAGAGAGTCTTGCCAAYTGGGYDTAAAGNG	AGAGTAGAGTCTTGCCACCGTCAATTYHTTTRAGT	MMF.16S.378	GAGATTCC-TAATCTTA	Y	10/2/2023	10/3/2023	101	AGAGTCTTGCCA	AYTGGGYDTAAAGNG	AGAGTCTTGCCA	CCGTCAATTYHTTTRAGT	7404	6381	86.18	6366	6319	85.35	6026	81.39
CONS.GF.14.34	Tea Pappas	Biobank	CONS.GF.14_34_cecal_d15	inulin	10	134	con.160	DFI		C57BL/6	cecal contents	9/27/2023	CTGTGCTGTGTCCATGGAYTGGGYDTAAAGNG	CTGTCTGTGTCCATGGCCGTCAATTYHTTTRAGT	MMF.16S.378	GAGATTCC-TAATCTTA	Y	10/2/2023	10/3/2023	99	CTGTGTCCATGG	AYTGGGYDTAAAGNG	CTGTGTCCATGG	CCGTCAATTYHTTTRAGT	4351	3914	89.96	3904	3872	88.99	3688	84.76
CONS.GF.14.35	Tea Pappas	Biobank	CONS.GF.14_35_cecal_d15	inulin	11	514	con.160	DFI		C57BL/6	cecal contents	9/27/2023	TTGCCATTGCCAAGAGTCAYTGGGYDTAAAGNG	TTGTTGCCAAGAGTCCCGTCAATTYHTTTRAGT	MMF.16S.378	GAGATTCC-TAATCTTA	Y	10/2/2023	10/3/2023	99.5	TTGCCAAGAGTC	AYTGGGYDTAAAGNG	TTGCCAAGAGTC	CCGTCAATTYHTTTRAGT	1945	1620	83.29	1607	1566	80.51	1482	76.2
CONS.GF.14.36	Tea Pappas	Biobank	CONS.GF.14_36_cecal_d15	inulin	12	526	con.160	DFI		C57BL/6	cecal contents	9/27/2023	GGTATGGGGTATGGCTACTAYTGGGYDTAAAGNG	GGGGTATGGCTACTCCGTCAATTYHTTTRAGT	MMF.16S.378	GAGATTCC-TAATCTTA	Y	10/2/2023	10/3/2023	98.8	GGTATGGCTACT	AYTGGGYDTAAAGNG	GGTATGGCTACT	CCGTCAATTYHTTTRAGT	5246	4426	84.37	4405	4335	82.63	4201	80.08
CONS.GF.14.4	Tea Pappas	Biobank	CONS.GF.14_4_fecal_d7	water	4	44	con.160	DFI		C57BL/6	Mouse Pellet	9/27/2023	GAAGACAGAAGACAGCGACAYTGGGYDTAAAGNG	GAGAAGACAGCGACCCGTCAATTYHTTTRAGT	MMF.16S.378	GAGATTCC-TAATCTTA	Y	10/2/2023	10/3/2023	101.1	GAAGACAGCGAC	AYTGGGYDTAAAGNG	GAAGACAGCGAC	CCGTCAATTYHTTTRAGT	903	803	88.93	796	769	85.16	769	85.16
CONS.GF.14.5	Tea Pappas	Biobank	CONS.GF.14_5_fecal_d7	lactulose	5	49	con.160	DFI		C57BL/6	Mouse Pellet	9/27/2023	TGGACTCATGGACTCAGCTAAYTGGGYDTAAAGNG	TTGGACTCAGCTACCGTCAATTYHTTTRAGT	MMF.16S.378	GAGATTCC-TAATCTTA	Y	10/2/2023	10/3/2023	100.2	TGGACTCAGCTA	AYTGGGYDTAAAGNG	TGGACTCAGCTA	CCGTCAATTYHTTTRAGT	3129	2843	90.86	2822	2779	88.81	2750	87.89
CONS.GF.14.6	Tea Pappas	Biobank	CONS.GF.14_6_fecal_d7	lactulose	6	46	con.160	DFI		C57BL/6	Mouse Pellet	9/27/2023	GGTCCGATCCTAGAYTGGGYDTAAAGNG	GTCCGATCGTCCGATCCTAGCCGTCAATTYHTTTRAGT	MMF.16S.378	GAGATTCC-TAATCTTA	Y	10/2/2023	10/3/2023	100.2	GTCCGATCCTAG	AYTGGGYDTAAAGNG	GTCCGATCCTAG	CCGTCAATTYHTTTRAGT	3778	3438	91	3429	3396	89.89	3357	88.86
CONS.GF.14.7	Tea Pappas	Biobank	CONS.GF.14_7_fecal_d7	lactulose	7	58	con.160	DFI		C57BL/6	Mouse Pellet	9/27/2023	TCTCATTAGCGTGGAYTGGGYDTAAAGNG	TCATTAGTCATTAGCGTGGCCGTCAATTYHTTTRAGT	MMF.16S.378	GAGATTCC-TAATCTTA	Y	10/2/2023	10/3/2023	101.1	TCATTAGCGTGG	AYTGGGYDTAAAGNG	TCATTAGCGTGG	CCGTCAATTYHTTTRAGT	3385	3094	91.4	3080	3062	90.46	2794	82.54
CONS.GF.14.8	Tea Pappas	Biobank	CONS.GF.14_8_fecal_d7	lactulose	8	21	con.160	DFI		C57BL/6	Mouse Pellet	9/27/2023	TAGTAGGCTCGTGCTAYTGGGYDTAAAGNG	TAGGCTTAGGCTCGTGCTCCGTCAATTYHTTTRAGT	MMF.16S.378	GAGATTCC-TAATCTTA	Y	10/2/2023	10/3/2023	101	TAGGCTCGTGCT	AYTGGGYDTAAAGNG	TAGGCTCGTGCT	CCGTCAATTYHTTTRAGT	4040	3361	83.19	3344	3307	81.86	3169	78.44
CONS.GF.14.9	Tea Pappas	Biobank	CONS.GF.14_9_fecal_d7	inulin	9	16	con.160	DFI		C57BL/6	Mouse Pellet	9/27/2023	CGGTCGGTAGTTGATCAYTGGGYDTAAAGNG	CGGTACGGTAGTTGATCCCGTCAATTYHTTTRAGT	MMF.16S.378	GAGATTCC-TAATCTTA	Y	10/2/2023	10/3/2023	99.5	CGGTAGTTGATC	AYTGGGYDTAAAGNG	CGGTAGTTGATC	CCGTCAATTYHTTTRAGT	5320	4775	89.76	4766	4728	88.87	4686	88.08
S3.E4	Isaac Younker	Light_Lab	SL3_E4	SL3			?-glucan from barley	DFI			Bacterial Pellet	8/28/2023	CAACACATCAACACATGCTGAYTGGGYDTAAAGNG	CCAACACATGCTGCCGTCAATTYHTTTRAGT	MMF.16S.378	GAGATTCC-TAATCTTA	Y	10/2/2023	10/3/2023	100	CAACACATGCTG	AYTGGGYDTAAAGNG	CAACACATGCTG	CCGTCAATTYHTTTRAGT	5736	4828	84.17	4800	4674	81.49	4625	80.63
S3.E5	Isaac Younker	Light_Lab	SL3_E5	SL3			Pea hull fiber (soluble)	DFI			Bacterial Pellet	8/28/2023	GGCTTGAGCTTGAAYTGGGYDTAAAGNG	GCTTGAGCGCTTGAGCTTGACCGTCAATTYHTTTRAGT	MMF.16S.378	GAGATTCC-TAATCTTA	Y	10/2/2023	10/3/2023	99.5	GCTTGAGCTTGA	AYTGGGYDTAAAGNG	GCTTGAGCTTGA	CCGTCAATTYHTTTRAGT	4162	3269	78.54	3249	3205	77.01	3200	76.89
S3.E6	Isaac Younker	Light_Lab	SL3_E6	SL3			Trypsin	DFI			Bacterial Pellet	8/28/2023	AAAACATGCATGCCAYTGGGYDTAAAGNG	AACATGCAACATGCATGCCCCGTCAATTYHTTTRAGT	MMF.16S.378	GAGATTCC-TAATCTTA	Y	10/2/2023	10/3/2023	98.8	AACATGCATGCC	AYTGGGYDTAAAGNG	AACATGCATGCC	CCGTCAATTYHTTTRAGT	8083	6661	82.41	6595	6257	77.41	6126	75.79
S3.E9	Isaac Younker	Light_Lab	SL3_E9	SL3			Human Serum Albumin	DFI			Bacterial Pellet	8/28/2023	TCGTCGGCTTGGAATAYTGGGYDTAAAGNG	TCGGCTTCGGCTTGGAATCCGTCAATTYHTTTRAGT	MMF.16S.378	GAGATTCC-TAATCTTA	Y	10/2/2023	10/3/2023	99.5	TCGGCTTGGAAT	AYTGGGYDTAAAGNG	TCGGCTTGGAAT	CCGTCAATTYHTTTRAGT	1562	1306	83.61	1257	1196	76.57	1159	74.2
S4.F10	Isaac Younker	Light_Lab	SL4_F10	SL4			Xylan	DFI			Bacterial Pellet	8/28/2023	GCACATAGGCACATAGTCGTAYTGGGYDTAAAGNG	GGCACATAGTCGTCCGTCAATTYHTTTRAGT	MMF.16S.378	GAGATTCC-TAATCTTA	Y	10/2/2023	10/3/2023	99.2	GCACATAGTCGT	AYTGGGYDTAAAGNG	GCACATAGTCGT	CCGTCAATTYHTTTRAGT	6454	5798	89.84	5787	5738	88.91	5596	86.71
S4.F11	Isaac Younker	Light_Lab	SL4_F11	SL4			Acacia Fiber	DFI			Bacterial Pellet	8/28/2023	TGGAGTATGGAGTAGGTGGAYTGGGYDTAAAGNG	TGTGGAGTAGGTGGCCGTCAATTYHTTTRAGT	MMF.16S.378	GAGATTCC-TAATCTTA	Y	10/2/2023	10/3/2023	101.1	TGGAGTAGGTGG	AYTGGGYDTAAAGNG	TGGAGTAGGTGG	CCGTCAATTYHTTTRAGT	3156	2786	88.28	2769	2679	84.89	2482	78.64
S4.F4	Isaac Younker	Light_Lab	SL4_F4	SL4			Ascorbic acid (vitamin c)	DFI			Bacterial Pellet	8/28/2023	CTATCTATGAGTCCAGAYTGGGYDTAAAGNG	CTATGCTATGAGTCCAGCCGTCAATTYHTTTRAGT	MMF.16S.378	GAGATTCC-TAATCTTA	Y	10/2/2023	10/3/2023	100.9	CTATGAGTCCAG	AYTGGGYDTAAAGNG	CTATGAGTCCAG	CCGTCAATTYHTTTRAGT	4345	3546	81.61	3504	3268	75.21	3176	73.1
S4.F5	Isaac Younker	Light_Lab	SL4_F5	SL4			D-Sucrose	DFI			Bacterial Pellet	8/28/2023	GGTCAGGTCACACATCAAYTGGGYDTAAAGNG	GGTCGGTCACACATCACCGTCAATTYHTTTRAGT	MMF.16S.378	GAGATTCC-TAATCTTA	Y	10/2/2023	10/3/2023	100.4	GGTCACACATCA	AYTGGGYDTAAAGNG	GGTCACACATCA	CCGTCAATTYHTTTRAGT	4092	3474	84.9	3464	3443	84.14	3419	83.55
S4.F7	Isaac Younker	Light_Lab	SL4_F7	SL4			Oligofructose	DFI			Bacterial Pellet	8/28/2023	AACTCGAACTCGCGCTACAYTGGGYDTAAAGNG	AACAACTCGCGCTACCCGTCAATTYHTTTRAGT	MMF.16S.378	GAGATTCC-TAATCTTA	Y	10/2/2023	10/3/2023	100.3	AACTCGCGCTAC	AYTGGGYDTAAAGNG	AACTCGCGCTAC	CCGTCAATTYHTTTRAGT	5157	4554	88.31	4545	4521	87.67	4452	86.33
S4.F9	Isaac Younker	Light_Lab	SL4_F9	SL4			Pectin LC950	DFI			Bacterial Pellet	8/28/2023	TAGGTCTTAGGTCTAGGTCAYTGGGYDTAAAGNG	TATAGGTCTAGGTCCCGTCAATTYHTTTRAGT	MMF.16S.378	GAGATTCC-TAATCTTA	Y	10/2/2023	10/3/2023	99.8	TAGGTCTAGGTC	AYTGGGYDTAAAGNG	TAGGTCTAGGTC	CCGTCAATTYHTTTRAGT	6202	5461	88.05	5421	5191	83.7	4909	79.15
S4.G4	Isaac Younker	Light_Lab	SL4_G4	SL4			Xanthan Gum	DFI			Bacterial Pellet	8/28/2023	ATATCTTGGAGTCGAYTGGGYDTAAAGNG	ATCTTGGATCTTGGAGTCGCCGTCAATTYHTTTRAGT	MMF.16S.378	GAGATTCC-TAATCTTA	Y	10/2/2023	10/3/2023	98.7	ATCTTGGAGTCG	AYTGGGYDTAAAGNG	ATCTTGGAGTCG	CCGTCAATTYHTTTRAGT	6428	5817	90.49	5731	5291	82.31	5097	79.29
S4.G8	Isaac Younker	Light_Lab	SL4_G8	SL4			Trypsin	DFI			Bacterial Pellet	8/28/2023	GAAGAAGGTGAAGGTAYTGGGYDTAAAGNG	GAAGGTGAAGGTGAAGGTCCGTCAATTYHTTTRAGT	MMF.16S.378	GAGATTCC-TAATCTTA	Y	10/2/2023	10/3/2023	101	GAAGGTGAAGGT	AYTGGGYDTAAAGNG	GAAGGTGAAGGT	CCGTCAATTYHTTTRAGT	4792	4274	89.19	4246	4136	86.31	4075	85.04
S4.G9	Isaac Younker	Light_Lab	SL4_G9	SL4			Monosodium glutamate	DFI			Bacterial Pellet	8/28/2023	AGTCAGTCCACTGGTAAYTGGGYDTAAAGNG	AGTCCAGTCCACTGGTACCGTCAATTYHTTTRAGT	MMF.16S.378	GAGATTCC-TAATCTTA	Y	10/2/2023	10/3/2023	100.1	AGTCCACTGGTA	AYTGGGYDTAAAGNG	AGTCCACTGGTA	CCGTCAATTYHTTTRAGT	9077	7839	86.36	7827	7759	85.48	7647	84.25
